Object,Actor(s),Type,Count,HWInstances,Inst Sections,Tris,Sum Tris,Size,VC,Inst VC,Avg LM,Avg OL,Sum Avg,Cost,LM,Res,Min R,Max R,Avg R,
Carro,(StaticMeshActor'"/Game/Maps/Car.Car:PersistentLevel.Carro_2"'),StaticMesh,1,1,1,45284,45284,8924.417,0,0,0,0,0,0,10.64,64,269.37,269.37,269.37,
V?tima_V?timaLP,(VictimBody_BP_C'"/Game/Levels/Game.Game:PersistentLevel.VictimBody_BP_2"'),StaticMesh,1,1,2,45805,45805,7984.493,0,0,0,1,0,0,0,36,26.361,26.361,26.361,
House,(StaticMeshActor'"/Game/Levels/Game.Game:PersistentLevel.House_11"'),StaticMesh,1,1,18,48926,48926,7704.196,0,0,0,2,0,0,10.64,64,1963.603,1963.603,1963.603,
Landscape_0,(Landscape'"/Game/Levels/Game.Game:PersistentLevel.Landscape_0"'),Landscape,1,7,28,222264,222264,6837.471,0,0,0,3,0,0,298.662,896,8922.429,9101.339,62985.082,
Modular_Metal_Guardrail_Kit_LOD0_uh5gcflfa_4,(StaticMeshActor'"/Game/Levels/Game.Game:PersistentLevel.Modular_Metal_Guardrail_Kit_LOD0_uh5gcflfa_2"' StaticMeshActor'"/Game/Levels/Game.Game:PersistentLevel.Modular_Metal_Guardrail_Kit_LOD0_uh5gcflfa_22"'),StaticMesh,2,2,2,21930,43860,4985.605,0,0,0,0,0,0,21.279,128,46.162,46.162,92.324,
Modular_Metal_Guardrail_Kit_LOD0_uh5gcflfa_3,(StaticMeshActor'"/Game/Levels/Game.Game:PersistentLevel.Modular_Metal_Guardrail_Kit_LOD0_uh5gcflfa_5"'),StaticMesh,1,1,1,18552,18552,4263.207,0,0,0,0,0,0,10.64,64,36.575,36.575,36.575,
Modular_Metal_Guardrail_Kit_LOD0_uh5gcflfa_1,(StaticMeshActor'"/Game/Levels/Game.Game:PersistentLevel.Modular_Metal_Guardrail_Kit_LOD0_uh5gcflfa_10"' GuardrailSpline_BP_C'"/Game/Levels/Game.Game:PersistentLevel.GuardrailSpline_BP_5"' GuardrailSpline_BP_C'"/Game/Levels/Game.Game:PersistentLevel.GuardrailSpline_BP2"'),StaticMesh,39,39,39,23114,901446,4047.088,0,0,0,0,0,0,10.64,2496,217.957,612.63,14710.057,
Janelas,(StaticMeshActor'"/Game/Maps/HouseWindows.HouseWindows:PersistentLevel.Janelas_10"'),StaticMesh,1,1,4,21012,21012,3273.748,0,0,0,2,0,0,10.64,64,1622.022,1622.022,1622.022,
SM_green-tree02,(InstancedFoliageActor'"/Game/Levels/Game.Game:PersistentLevel.InstancedFoliageActor_0"'),StaticMesh,1,1,2,20977,20977,3078.723,134.738,0,0,0,0,0,10.64,64,1045.111,1045.111,1045.111,
SM_pine05,(InstancedFoliageActor'"/Game/Levels/Game.Game:PersistentLevel.InstancedFoliageActor_0"'),StaticMesh,1,454,908,20862,9471348,2522.295,107.305,0,0,2,0,0,4830.4,64,21841.598,21841.598,21841.598,
SM_green-tree01,(InstancedFoliageActor'"/Game/Levels/Game.Game:PersistentLevel.InstancedFoliageActor_0"'),StaticMesh,1,1,2,15872,15872,2426.645,107.648,0,0,0,0,0,10.64,64,1001.593,1001.593,1001.593,
SM_pine04,(InstancedFoliageActor'"/Game/Levels/Game.Game:PersistentLevel.InstancedFoliageActor_0"'),StaticMesh,1,215,430,15805,3398075,1782.92,71.945,0,0,2,0,0,2287.524,64,22048.67,22048.67,22048.67,
Geladeira_Plane_067,(StaticMeshActor'"/Game/Levels/Game.Game:PersistentLevel.Geladeira_Plane_067_63"'),StaticMesh,1,1,1,12808,12808,1580.131,0,0,0,0,0,0,10.64,64,143.974,143.974,143.974,
SM_pine01,(InstancedFoliageActor'"/Game/Levels/Game.Game:PersistentLevel.InstancedFoliageActor_0"'),StaticMesh,1,701,1402,13033,9136133,1456.199,0,0,0,2,0,0,7458.394,64,20433.434,20433.434,20433.434,
SM_pine02,(InstancedFoliageActor'"/Game/Levels/Game.Game:PersistentLevel.InstancedFoliageActor_0"'),StaticMesh,1,259,518,12007,3109813,1424.9,63.332,0,0,2,0,0,2755.669,64,23543.783,23543.783,23543.783,
SM_pine03,(InstancedFoliageActor'"/Game/Levels/Game.Game:PersistentLevel.InstancedFoliageActor_0"'),StaticMesh,1,349,698,9688,3381112,1357.018,70.09,0,0,2,0,0,3713.237,64,22626.867,22626.867,22626.867,
Fogao_Plane_010,(StaticMeshActor'"/Game/Levels/Game.Game:PersistentLevel.Fogao_Plane_010_66"'),StaticMesh,1,1,1,8940,8940,1327.859,0,0,0,0,0,0,10.64,64,122.778,122.778,122.778,
SM_dead-tree03,(InstancedFoliageActor'"/Game/Levels/Game.Game:PersistentLevel.InstancedFoliageActor_0"'),StaticMesh,1,15,30,8780,131700,1313.651,56.816,0,0,2,0,0,159.595,64,16692.01,16692.01,16692.01,
Tunel,(StaticMeshActor'"/Game/Levels/Game.Game:PersistentLevel.Tunel_4"'),StaticMesh,1,1,1,6648,6648,1060.193,0,0,0,0,0,0,10.64,64,5103.59,5103.59,5103.59,
SM_rock03_lod000,(InstancedFoliageActor'"/Game/Levels/Game.Game:PersistentLevel.InstancedFoliageActor_0"'),StaticMesh,1,5,5,7350,36750,1032.85,0,0,0,0,0,0,0.83,8,1547.132,1547.132,1547.132,
SM_rock02_lod000,(InstancedFoliageActor'"/Game/Levels/Game.Game:PersistentLevel.InstancedFoliageActor_0"'),StaticMesh,1,0,0,7194,0,1010.354,0,0,0,0,0,0,0,8,0,0,0,
SM_rock04_lod000,(InstancedFoliageActor'"/Game/Levels/Game.Game:PersistentLevel.InstancedFoliageActor_0"'),StaticMesh,1,4,4,7184,28736,1003.242,0,0,0,0,0,0,0.664,8,1147.503,1147.503,1147.503,
Pose1_Olhos_001,(StaticMeshActor'"/Game/Levels/Game.Game:PersistentLevel.Pose1_Olhos_001_55"'),StaticMesh,1,1,2,7422,7422,953.137,0,0,0,0,0,0,10.64,64,13.488,13.488,13.488,
Pose2_Olhos_001,(StaticMeshActor'"/Game/Levels/Game.Game:PersistentLevel.Pose2_Olhos_001_127"'),StaticMesh,1,1,2,7423,7423,952.138,0,0,0,0,0,0,10.64,64,14.155,14.155,14.155,
Pose5_Olhos_001,(StaticMeshActor'"/Game/Levels/Game.Game:PersistentLevel.Pose5_Olhos_001_224"'),StaticMesh,1,1,2,7423,7423,951.871,0,0,0,0,0,0,10.64,64,13.778,13.778,13.778,
Pose4_Olhos_001,(StaticMeshActor'"/Game/Levels/Game.Game:PersistentLevel.Pose4_Olhos_001_191"'),StaticMesh,1,1,2,7422,7422,950.095,0,0,0,0,0,0,10.64,64,14.065,14.065,14.065,
Pose3_Olhos_001,(StaticMeshActor'"/Game/Levels/Game.Game:PersistentLevel.Pose3_Olhos_001_158"'),StaticMesh,1,1,2,7422,7422,949.176,0,0,0,0,0,0,10.64,64,13.884,13.884,13.884,
Bra?oPraTr?s_Olhos_001,(StaticMeshActor'"/Game/Levels/Game.Game:PersistentLevel.Bra?oPraTr?s_Olhos_001_88"'),StaticMesh,1,1,2,7423,7423,948.711,0,0,0,0,0,0,10.64,64,14.078,14.078,14.078,
Sentado_Olhos_001,(StaticMeshActor'"/Game/Levels/Game.Game:PersistentLevel.Sentado_Olhos_001_22"'),StaticMesh,1,1,2,7422,7422,947.929,0,0,0,0,0,0,10.64,64,13.606,13.606,13.606,
RelogioBase_Numeros,(ClockA_BP_C'"/Game/Levels/Game.Game:PersistentLevel.Clock_BP_2"' ClockB_BP_C'"/Game/Levels/Game.Game:PersistentLevel.ClockB_BP_2"'),StaticMesh,2,2,4,5929,11858,854.667,0,0,0,0,0,0,0,128,26.207,26.207,52.414,
Apontando_Cabe?a_001,(StaticMeshActor'"/Game/Levels/Game.Game:PersistentLevel.Apontando_Cabe?a_001_306"'),StaticMesh,1,1,1,6286,6286,805.023,0,0,0,0,0,0,10.64,64,13.389,13.389,13.389,
Pose1_Cabe?a_001,(StaticMeshActor'"/Game/Levels/Game.Game:PersistentLevel.Pose1_Cabe?a_450"'),StaticMesh,1,1,1,6286,6286,805.023,0,0,0,0,0,0,10.64,64,13.389,13.389,13.389,
Escolha_Cabe?a_001,(StaticMeshActor'"/Game/Levels/Game.Game:PersistentLevel.Escolha_Cabe?a_001_342"'),StaticMesh,1,1,1,6286,6286,805.023,0,0,0,0,0,0,10.64,64,13.389,13.389,13.389,
PoseConfiante2_Cabe?a_001,(StaticMeshActor'"/Game/Levels/Game.Game:PersistentLevel.PoseConfiante2_Cabe?a_001_414"'),StaticMesh,1,1,1,6284,6284,800.905,0,0,0,0,0,0,10.64,64,12.98,12.98,12.98,
PoseConfiante_Cabe?a_001,(StaticMeshActor'"/Game/Levels/Game.Game:PersistentLevel.PoseConfiante_Cabe?a_001_378"'),StaticMesh,1,1,1,6284,6284,800.079,0,0,0,0,0,0,10.64,64,12.668,12.668,12.668,
Sentada_Cabe?a_001,(StaticMeshActor'"/Game/Levels/Game.Game:PersistentLevel.Sentada_Cabe?a_001_486"'),StaticMesh,1,1,1,6286,6286,799.592,0,0,0,0,0,0,10.64,64,13.122,13.122,13.122,
Pose1_Cabe?a_001,(StaticMeshActor'"/Game/Levels/Game.Game:PersistentLevel.Pose1_Cabe?a_001_270"'),StaticMesh,1,1,1,6284,6284,795.169,0,0,0,0,0,0,10.64,64,13.335,13.335,13.335,
V?tima_Len?ol,(VictimBody_BP_C'"/Game/Levels/Game.Game:PersistentLevel.VictimBody_BP_2"'),StaticMesh,1,1,1,6679,6679,773.655,0,0,0,1,0,0,0,64,136.145,136.145,136.145,
Celeiro,(StaticMeshActor'"/Game/Levels/Game.Game:PersistentLevel.Celeiro_2"'),StaticMesh,1,1,3,7429,7429,701.354,0,0,0,0,0,0,10.64,64,826.452,826.452,826.452,
Fan_Blades,(Fan_Bp_C'"/Game/Maps/HouseDoorsFrames.HouseDoorsFrames:PersistentLevel.Fan_Bp_2"'),StaticMesh,1,1,1,4840,4840,592.174,10.918,0,0,1,0,0,0,64,101.065,101.065,101.065,
SM_BoughGroup01,(InstancedFoliageActor'"/Game/Levels/Game.Game:PersistentLevel.InstancedFoliageActor_0"'),StaticMesh,1,43,86,2367,101781,578.94,13.754,0,0,2,0,0,457.505,64,20775.77,20775.77,20775.77,
MatineeCam_SM,(ClockA_BP_C'"/Game/Levels/Game.Game:PersistentLevel.Clock_BP_2"' Drawer_BP_C'"/Game/Levels/Game.Game:PersistentLevel.Drawer_BP_2"' BookShelf_BP_C'"/Game/Levels/Game.Game:PersistentLevel.BookShelf_BP_2"' TV_BP_C'"/Game/Levels/Game.Game:PersistentLevel.TV_BP_2"' ClockB_BP_C'"/Game/Levels/Game.Game:PersistentLevel.ClockB_BP_2"' VHS_BP_C'"/Game/Levels/Game.Game:PersistentLevel.VHS_BP_2"' VictimBody_BP_C'"/Game/Levels/Game.Game:PersistentLevel.VictimBody_BP_2"' SceneCapture2D'"/Game/Levels/Game.Game:PersistentLevel.SceneCapture2D_1"'),StaticMesh,8,8,8,4528,36224,552.876,0,0,0,1,0,0,0,32,28.578,57.155,428.666,
Porta,(EntryDoor_BP_C'"/Game/Levels/Game.Game:PersistentLevel.EntryDoor_BP_5"'),StaticMesh,1,1,1,2230,2230,518.605,0,0,0,1,0,0,0,8,125.763,125.763,125.763,
Fan_Main,(Fan_Bp_C'"/Game/Maps/HouseDoorsFrames.HouseDoorsFrames:PersistentLevel.Fan_Bp_2"'),StaticMesh,1,1,1,4160,4160,517.559,9.258,0,0,0,0,0,0,64,32.904,32.904,32.904,
Cabideiro_Plane_068,(StaticMeshActor'"/Game/Levels/Game.Game:PersistentLevel.Cabideiro_Plane_068_14"' StaticMeshActor'"/Game/Levels/Game.Game:PersistentLevel.Cabideiro_Plane_81"'),StaticMesh,2,2,2,3604,7208,478.234,0,0,0,1,0,0,21.279,128,105.278,105.278,210.557,
Ultra_Dynamic_Sky_Sphere,(Ultra_Dynamic_Sky_C'"/Game/Levels/Game.Game:PersistentLevel.Ultra_Dynamic_Sky_2"'),StaticMesh,1,1,1,4352,4352,409.395,0,0,0,0,0,0,10.64,64,205546688,205546688,205546688,
Chair,(StaticMeshActor'"/Game/Levels/Game.Game:PersistentLevel.Chair2"' StaticMeshActor'"/Game/Levels/Game.Game:PersistentLevel.Chair3"' StaticMeshActor'"/Game/Levels/Game.Game:PersistentLevel.Chair4"' StaticMeshActor'"/Game/Levels/Game.Game:PersistentLevel.Chair_57"'),StaticMesh,4,4,4,3216,12864,402.73,0,0,0,1,0,0,42.559,256,62.399,62.399,249.595,
SM_BoughGroup03,(InstancedFoliageActor'"/Game/Levels/Game.Game:PersistentLevel.InstancedFoliageActor_0"'),StaticMesh,1,39,78,1327,51753,394.116,6.492,0,0,2,0,0,414.946,64,23100.994,23100.994,23100.994,
SM_BoughGroup02,(InstancedFoliageActor'"/Game/Levels/Game.Game:PersistentLevel.InstancedFoliageActor_0"'),StaticMesh,1,49,98,1291,63259,369.622,6.215,0,0,2,0,0,521.343,64,20806.799,20806.799,20806.799,
Bra?oPraTr?s_P?_Direita,(StaticMeshActor'"/Game/Levels/Game.Game:PersistentLevel.Bra?oPraTr?s_P?_Direita_94"'),StaticMesh,1,1,1,2668,2668,359.123,0,0,0,0,0,0,10.64,64,15.669,15.669,15.669,
Bra?oPraTr?s_P?_Esquerda,(StaticMeshActor'"/Game/Levels/Game.Game:PersistentLevel.Bra?oPraTr?s_P?_Esquerda_96"'),StaticMesh,1,1,1,2668,2668,358.295,0,0,0,0,0,0,10.64,64,15.67,15.67,15.67,
Sentada_P?_Direito,(StaticMeshActor'"/Game/Levels/Game.Game:PersistentLevel.Sentada_P?_Direito_500"'),StaticMesh,1,1,1,2665,2665,357.698,0,0,0,0,0,0,10.64,64,13.562,13.562,13.562,
Apontando_P?_Esquerdo,(StaticMeshActor'"/Game/Levels/Game.Game:PersistentLevel.Apontando_P?_Esquerdo_322"'),StaticMesh,1,1,1,2662,2662,356.45,0,0,0,0,0,0,10.64,64,13.593,13.593,13.593,
Pose3_P?_Direita,(StaticMeshActor'"/Game/Levels/Game.Game:PersistentLevel.Pose3_P?_Direita_164"'),StaticMesh,1,1,1,2668,2668,355.965,0,0,0,0,0,0,10.64,64,16.004,16.004,16.004,
Pose2_P?_Esquerda,(StaticMeshActor'"/Game/Levels/Game.Game:PersistentLevel.Pose2_P?_Esquerda_135"'),StaticMesh,1,1,1,2668,2668,355.703,0,0,0,0,0,0,10.64,64,16.006,16.006,16.006,
Pose3_P?_Esquerda,(StaticMeshActor'"/Game/Levels/Game.Game:PersistentLevel.Pose3_P?_Esquerda_166"'),StaticMesh,1,1,1,2668,2668,355.658,0,0,0,0,0,0,10.64,64,15.882,15.882,15.882,
Pose5_P?_Direita,(StaticMeshActor'"/Game/Levels/Game.Game:PersistentLevel.Pose5_P?_Direita_230"'),StaticMesh,1,1,1,2668,2668,355.551,0,0,0,0,0,0,10.64,64,15.839,15.839,15.839,
Pose4_P?_Direita,(StaticMeshActor'"/Game/Levels/Game.Game:PersistentLevel.Pose4_P?_Direita_197"'),StaticMesh,1,1,1,2668,2668,355.551,0,0,0,0,0,0,10.64,64,15.839,15.839,15.839,
Pose5_P?_Esquerda,(StaticMeshActor'"/Game/Levels/Game.Game:PersistentLevel.Pose5_P?_Esquerda_232"'),StaticMesh,1,1,1,2668,2668,355.457,0,0,0,0,0,0,10.64,64,15.839,15.839,15.839,
Pose4_P?_Esquerda,(StaticMeshActor'"/Game/Levels/Game.Game:PersistentLevel.Pose4_P?_Esquerda_199"'),StaticMesh,1,1,1,2668,2668,355.457,0,0,0,0,0,0,10.64,64,15.839,15.839,15.839,
Pose1_P?_Esquerda,(StaticMeshActor'"/Game/Levels/Game.Game:PersistentLevel.Pose1_P?_Esquerda_63"'),StaticMesh,1,1,1,2668,2668,355.434,0,0,0,0,0,0,10.64,64,15.833,15.833,15.833,
Apontando_P?_Direito,(StaticMeshActor'"/Game/Levels/Game.Game:PersistentLevel.Apontando_P?_Direito_320"'),StaticMesh,1,1,1,2662,2662,355.387,0,0,0,0,0,0,10.64,64,13.596,13.596,13.596,
PoseConfiante2_P?_Direito,(StaticMeshActor'"/Game/Levels/Game.Game:PersistentLevel.PoseConfiante2_P?_Direito_428"'),StaticMesh,1,1,1,2663,2663,354.967,0,0,0,0,0,0,10.64,64,13.928,13.928,13.928,
Sentado_P?_Esquerda,(StaticMeshActor'"/Game/Levels/Game.Game:PersistentLevel.Sentado_P?_Esquerda_30"'),StaticMesh,1,1,1,2668,2668,354.635,0,0,0,0,0,0,10.64,64,15.919,15.919,15.919,
Pose1_P?_Direita,(StaticMeshActor'"/Game/Levels/Game.Game:PersistentLevel.Pose1_P?_Direita_61"'),StaticMesh,1,1,1,2668,2668,354.494,0,0,0,0,0,0,10.64,64,17.113,17.113,17.113,
dark-wood-dresser-with-fully-modelled-drawers_drawer_handle_003,(Drawer_BP_C'"/Game/Levels/Game.Game:PersistentLevel.Drawer_BP_2"'),StaticMesh,1,1,2,2790,2790,354.467,0,0,0,0,0,0,0,64,44.14,44.14,44.14,
Pose1_P?_Direito,(StaticMeshActor'"/Game/Levels/Game.Game:PersistentLevel.Pose1_P?_Direito2_464"'),StaticMesh,1,1,1,2665,2665,354.355,0,0,0,0,0,0,10.64,64,13.587,13.587,13.587,
Pose2_P?_Direita,(StaticMeshActor'"/Game/Levels/Game.Game:PersistentLevel.Pose2_P?_Direita_133"'),StaticMesh,1,1,1,2668,2668,354.33,0,0,0,0,0,0,10.64,64,15.883,15.883,15.883,
Pose1_P?_Esquerdo,(StaticMeshActor'"/Game/Levels/Game.Game:PersistentLevel.Pose1_P?_Esquerdo_286"'),StaticMesh,1,1,1,2661,2661,354.081,0,0,0,0,0,0,10.64,64,13.695,13.695,13.695,
Pose1_P?_Esquerdo,(StaticMeshActor'"/Game/Levels/Game.Game:PersistentLevel.Pose1_P?_Esquerdo2_466"'),StaticMesh,1,1,1,2665,2665,354.027,0,0,0,0,0,0,10.64,64,13.584,13.584,13.584,
Sentado_P?_Direita,(StaticMeshActor'"/Game/Levels/Game.Game:PersistentLevel.Sentado_P?_Direita_28"'),StaticMesh,1,1,1,2668,2668,354.018,0,0,0,0,0,0,10.64,64,15.92,15.92,15.92,
PoseConfiante_P?_Esquerdo,(StaticMeshActor'"/Game/Levels/Game.Game:PersistentLevel.PoseConfiante_P?_Esquerdo_394"'),StaticMesh,1,1,1,2663,2663,353.844,0,0,0,0,0,0,10.64,64,14.429,14.429,14.429,
PoseConfiante_P?_Direito,(StaticMeshActor'"/Game/Levels/Game.Game:PersistentLevel.PoseConfiante_P?_Direito_392"'),StaticMesh,1,1,1,2663,2663,353.434,0,0,0,0,0,0,10.64,64,14.193,14.193,14.193,
Pose4_M?o_Direita_001,(StaticMeshActor'"/Game/Levels/Game.Game:PersistentLevel.Pose4_M?o_Direita_001_187"'),StaticMesh,1,1,1,2526,2526,352.247,0,0,0,0,0,0,10.64,64,13.323,13.323,13.323,
Sentada_P?_Esquerdo,(StaticMeshActor'"/Game/Levels/Game.Game:PersistentLevel.Sentada_P?_Esquerdo_502"'),StaticMesh,1,1,1,2665,2665,352.037,0,0,0,0,0,0,4.156,40,13.546,13.546,13.546,
PoseConfiante2_P?_Esquerdo,(StaticMeshActor'"/Game/Levels/Game.Game:PersistentLevel.PoseConfiante2_P?_Esquerdo_430"'),StaticMesh,1,1,1,2665,2665,351.924,0,0,0,0,0,0,10.64,64,13.528,13.528,13.528,
Escolha_P?_Esquerdo,(StaticMeshActor'"/Game/Levels/Game.Game:PersistentLevel.Escolha_P?_Esquerdo_358"'),StaticMesh,1,1,1,2665,2665,351.702,0,0,0,0,0,0,10.64,64,13.576,13.576,13.576,
Pose1_P?_Direito,(StaticMeshActor'"/Game/Levels/Game.Game:PersistentLevel.Pose1_P?_Direito_284"'),StaticMesh,1,1,1,2662,2662,350.798,0,0,0,0,0,0,10.64,64,13.749,13.749,13.749,
dark-wood-dresser-with-fully-modelled-drawers_drawer_container_005,(Drawer_BP_C'"/Game/Levels/Game.Game:PersistentLevel.Drawer_BP_2"'),StaticMesh,1,1,2,2790,2790,349.408,0,0,0,0,0,0,10.64,64,44.14,44.14,44.14,
dark-wood-dresser-with-fully-modelled-drawers_drawer_container_004,(Drawer_BP_C'"/Game/Levels/Game.Game:PersistentLevel.Drawer_BP_2"'),StaticMesh,1,1,2,2790,2790,348.943,0,0,0,0,0,0,10.64,64,44.14,44.14,44.14,
Escolha_P?_Direito,(StaticMeshActor'"/Game/Levels/Game.Game:PersistentLevel.Escolha_P?_Direito_356"'),StaticMesh,1,1,1,2665,2665,348.731,0,0,0,0,0,0,10.64,64,13.579,13.579,13.579,
dark-wood-dresser-with-fully-modelled-drawers_drawer_container_002,(Drawer_BP_C'"/Game/Levels/Game.Game:PersistentLevel.Drawer_BP_2"'),StaticMesh,1,1,2,2790,2790,348.611,0,0,0,0,0,0,10.64,64,44.14,44.14,44.14,
dark-wood-dresser-with-fully-modelled-drawers_drawer_container_006,(Drawer_BP_C'"/Game/Levels/Game.Game:PersistentLevel.Drawer_BP_2"'),StaticMesh,1,1,2,2790,2790,348.25,0,0,0,0,0,0,10.64,64,44.14,44.14,44.14,
Pose5_M?o_Esquerda_001,(StaticMeshActor'"/Game/Levels/Game.Game:PersistentLevel.Pose5_M?o_Esquerda_001_222"'),StaticMesh,1,1,1,2525,2525,346.792,0,0,0,0,0,0,10.64,64,13.354,13.354,13.354,
dark-wood-dresser-with-fully-modelled-drawers_drawer_container_001,(Drawer_BP_C'"/Game/Levels/Game.Game:PersistentLevel.Drawer_BP_2"'),StaticMesh,1,1,2,2790,2790,346.775,0,0,0,0,0,0,10.64,64,44.14,44.14,44.14,
chairLOD0,(RockingChair_BP_C'"/Game/Levels/Game.Game:PersistentLevel.RockingChair_BP_2"'),StaticMesh,1,1,1,2500,2500,346.043,0,0,0,1,0,0,0,64,82.353,82.353,82.353,
Pose2_M?o_Esquerda_001,(StaticMeshActor'"/Game/Levels/Game.Game:PersistentLevel.Pose2_M?o_Esquerda_001_125"'),StaticMesh,1,1,1,2533,2533,344.672,0,0,0,0,0,0,10.64,64,12.655,12.655,12.655,
Sentado_M?o_Direita_001,(StaticMeshActor'"/Game/Levels/Game.Game:PersistentLevel.Sentado_M?o_Direita_001_18"'),StaticMesh,1,1,1,2535,2535,343.897,0,0,0,0,0,0,10.64,64,13.808,13.808,13.808,
Pose3_M?o_Direita_001,(StaticMeshActor'"/Game/Levels/Game.Game:PersistentLevel.Pose3_M?o_Direita_001_154"'),StaticMesh,1,1,1,2533,2533,343.433,0,0,0,0,0,0,10.64,64,12.726,12.726,12.726,
Sentado_M?o_Esquerda_001,(StaticMeshActor'"/Game/Levels/Game.Game:PersistentLevel.Sentado_M?o_Esquerda_001_20"'),StaticMesh,1,1,1,2534,2534,343.197,0,0,0,0,0,0,10.64,64,14.046,14.046,14.046,
PoseConfiante_M?o_Esquerda,(StaticMeshActor'"/Game/Levels/Game.Game:PersistentLevel.PoseConfiante_M?o_Esquerda_384"'),StaticMesh,1,1,1,2495,2495,343.112,0,0,0,0,0,0,10.64,64,10.285,10.285,10.285,
Bra?oPraTr?s_M?o_Direita_001,(StaticMeshActor'"/Game/Levels/Game.Game:PersistentLevel.Bra?oPraTr?s_M?o_Direita_001_84"'),StaticMesh,1,1,1,2534,2534,342.834,0,0,0,0,0,0,10.64,64,12.307,12.307,12.307,
Bra?oPraTr?s_M?o_Esquerda_001,(StaticMeshActor'"/Game/Levels/Game.Game:PersistentLevel.Bra?oPraTr?s_M?o_Esquerda_001_86"'),StaticMesh,1,1,1,2532,2532,342.771,0,0,0,0,0,0,10.64,64,11.088,11.088,11.088,
Apontando_M?o_Esquerda,(StaticMeshActor'"/Game/Levels/Game.Game:PersistentLevel.Apontando_M?o_Esquerda_312"'),StaticMesh,1,1,1,2493,2493,342.655,0,0,0,0,0,0,10.64,64,9.27,9.27,9.27,
Pose1_M?o_Direita_001,(StaticMeshActor'"/Game/Levels/Game.Game:PersistentLevel.Pose1_M?o_Direita_001_51"'),StaticMesh,1,1,1,2527,2527,341.557,0,0,0,0,0,0,10.64,64,11.108,11.108,11.108,
Pose2_M?o_Direita_001,(StaticMeshActor'"/Game/Levels/Game.Game:PersistentLevel.Pose2_M?o_Direita_001_123"'),StaticMesh,1,1,1,2535,2535,341.31,0,0,0,0,0,0,10.64,64,12.799,12.799,12.799,
Sentada_M?o_Direita,(StaticMeshActor'"/Game/Levels/Game.Game:PersistentLevel.Sentada_M?o_Direita_490"'),StaticMesh,1,1,1,2494,2494,340.971,0,0,0,0,0,0,10.64,64,8.987,8.987,8.987,
Pose1_M?o_Esquerda_001,(StaticMeshActor'"/Game/Levels/Game.Game:PersistentLevel.Pose1_M?o_Esquerda_001_53"'),StaticMesh,1,1,1,2532,2532,340.806,0,0,0,0,0,0,10.64,64,11.18,11.18,11.18,
Apontando_M?o_Direita,(StaticMeshActor'"/Game/Levels/Game.Game:PersistentLevel.Apontando_M?o_Direita_310"'),StaticMesh,1,1,1,2487,2487,340.776,0,0,0,0,0,0,10.64,64,10.814,10.814,10.814,
Pose4_M?o_Esquerda_001,(StaticMeshActor'"/Game/Levels/Game.Game:PersistentLevel.Pose4_M?o_Esquerda_001_189"'),StaticMesh,1,1,1,2533,2533,340.688,0,0,0,0,0,0,10.64,64,12.41,12.41,12.41,
Pose5_M?o_Direita_001,(StaticMeshActor'"/Game/Levels/Game.Game:PersistentLevel.Pose5_M?o_Direita_001_220"'),StaticMesh,1,1,1,2529,2529,340.516,0,0,0,0,0,0,10.64,64,11.601,11.601,11.601,
Sentada_M?o_Esquerda,(StaticMeshActor'"/Game/Levels/Game.Game:PersistentLevel.Sentada_M?o_Esquerda_492"'),StaticMesh,1,1,1,2487,2487,340.29,0,0,0,0,0,0,10.64,64,9.086,9.086,9.086,
Pose1_M?o_Esquerda,(StaticMeshActor'"/Game/Levels/Game.Game:PersistentLevel.Pose1_M?o_Esquerda_276"'),StaticMesh,1,1,1,2489,2489,339.99,0,0,0,0,0,0,10.64,64,9.372,9.372,9.372,
PoseConfiante2_M?o_Esquerda,(StaticMeshActor'"/Game/Levels/Game.Game:PersistentLevel.PoseConfiante2_M?o_Esquerda_420"'),StaticMesh,1,1,1,2499,2499,339.602,0,0,0,0,0,0,10.64,64,10.415,10.415,10.415,
Pose3_M?o_Esquerda_001,(StaticMeshActor'"/Game/Levels/Game.Game:PersistentLevel.Pose3_M?o_Esquerda_001_156"'),StaticMesh,1,1,1,2535,2535,339.496,0,0,0,0,0,0,10.64,64,12.892,12.892,12.892,
PoseConfiante_M?o_Direita,(StaticMeshActor'"/Game/Levels/Game.Game:PersistentLevel.PoseConfiante_M?o_Direita_382"'),StaticMesh,1,1,1,2504,2504,338.279,0,0,0,0,0,0,10.64,64,10.985,10.985,10.985,
TorsoComBase_Torso_003,(StaticMeshActor'"/Game/Levels/Game.Game:PersistentLevel.TorsoComBase_Torso_003_252"'),StaticMesh,1,1,1,2430,2430,338.271,0,0,0,0,0,0,10.64,64,23.823,23.823,23.823,
Sentada_Torso,(StaticMeshActor'"/Game/Levels/Game.Game:PersistentLevel.Sentada_Torso_504"'),StaticMesh,1,1,1,2430,2430,337.943,0,0,0,0,0,0,10.64,64,23.273,23.273,23.273,
Pose1_M?o_Esquerda,(StaticMeshActor'"/Game/Levels/Game.Game:PersistentLevel.Pose1_M?o_Esquerda2_456"'),StaticMesh,1,1,1,2493,2493,337.876,0,0,0,0,0,0,10.64,64,9.049,9.049,9.049,
PoseConfiante2_M?o_Direita,(StaticMeshActor'"/Game/Levels/Game.Game:PersistentLevel.PoseConfiante2_M?o_Direita_418"'),StaticMesh,1,1,1,2495,2495,337.441,0,0,0,0,0,0,10.64,64,9.861,9.861,9.861,
Escolha_M?o_Esquerda,(StaticMeshActor'"/Game/Levels/Game.Game:PersistentLevel.Escolha_M?o_Esquerda_348"'),StaticMesh,1,1,1,2501,2501,337.157,0,0,0,0,0,0,10.64,64,11.452,11.452,11.452,
Apontando_Torso,(StaticMeshActor'"/Game/Levels/Game.Game:PersistentLevel.Apontando_Torso_324"'),StaticMesh,1,1,1,2429,2429,336.747,0,0,0,0,0,0,10.64,64,23.378,23.378,23.378,
Escolha_M?o_Direita,(StaticMeshActor'"/Game/Levels/Game.Game:PersistentLevel.Escolha_M?o_Direita_346"'),StaticMesh,1,1,1,2502,2502,336.359,0,0,0,0,0,0,10.64,64,11.571,11.571,11.571,
Pose1_M?o_Direita,(StaticMeshActor'"/Game/Levels/Game.Game:PersistentLevel.Pose1_M?o_Direita2_454"'),StaticMesh,1,1,1,2496,2496,336.221,0,0,0,0,0,0,10.64,64,8.985,8.985,8.985,
Escolha_Torso,(StaticMeshActor'"/Game/Levels/Game.Game:PersistentLevel.Escolha_Torso_360"'),StaticMesh,1,1,1,2430,2430,336.123,0,0,0,0,0,0,10.64,64,23.317,23.317,23.317,
Pose1_Torso,(StaticMeshActor'"/Game/Levels/Game.Game:PersistentLevel.Pose1_Torso2_468"'),StaticMesh,1,1,1,2430,2430,335.686,0,0,0,0,0,0,10.64,64,23.394,23.394,23.394,
Pose1_M?o_Direita,(StaticMeshActor'"/Game/Levels/Game.Game:PersistentLevel.Pose1_M?o_Direita_274"'),StaticMesh,1,1,1,2503,2503,335.181,0,0,0,0,0,0,10.64,64,10.723,10.723,10.723,
PoseConfiante2_Torso,(StaticMeshActor'"/Game/Levels/Game.Game:PersistentLevel.PoseConfiante2_Torso_432"'),StaticMesh,1,1,1,2430,2430,334.494,0,0,0,0,0,0,10.64,64,23.762,23.762,23.762,
Batentes,(StaticMeshActor'"/Game/Maps/HouseDoorsFrames.HouseDoorsFrames:PersistentLevel.Batentes_7"'),StaticMesh,1,1,1,2064,2064,333.092,0,0,0,2,0,0,10.64,64,1549.459,1549.459,1549.459,
Pose1_Torso,(StaticMeshActor'"/Game/Levels/Game.Game:PersistentLevel.Pose1_Torso_288"'),StaticMesh,1,1,1,2430,2430,332.932,0,0,0,0,0,0,10.64,64,24.294,24.294,24.294,
PoseConfiante_Torso,(StaticMeshActor'"/Game/Levels/Game.Game:PersistentLevel.PoseConfiante_Torso_396"'),StaticMesh,1,1,1,2430,2430,332.438,0,0,0,0,0,0,10.64,64,24.724,24.724,24.724,
Wall_lamp,(StaticMeshActor'"/Game/Levels/Game.Game:PersistentLevel.Wall_lamp2"' StaticMeshActor'"/Game/Levels/Game.Game:PersistentLevel.Wall_lamp3"' StaticMeshActor'"/Game/Levels/Game.Game:PersistentLevel.Wall_lamp4"' StaticMeshActor'"/Game/Levels/Game.Game:PersistentLevel.Wall_lamp5"' StaticMeshActor'"/Game/Levels/Game.Game:PersistentLevel.Wall_lamp6"' StaticMeshActor'"/Game/Levels/Game.Game:PersistentLevel.Wall_lamp7"' StaticMeshActor'"/Game/Maps/HouseDoorsFrames.HouseDoorsFrames:PersistentLevel.Wall_lamp_10"'),StaticMesh,7,7,7,1736,12152,325.566,0,0,0,0,0,0,1.162,56,29.348,29.348,205.433,
Bra?oPraTr?s_Torso_001,(StaticMeshActor'"/Game/Levels/Game.Game:PersistentLevel.Bra?oPraTr?s_Torso_001_98"'),StaticMesh,1,1,1,2182,2182,307.693,0,0,0,0,0,0,10.64,64,26.292,26.292,26.292,
Pose4_Torso_001,(StaticMeshActor'"/Game/Levels/Game.Game:PersistentLevel.Pose4_Torso_001_201"'),StaticMesh,1,1,1,2182,2182,306.23,0,0,0,0,0,0,10.64,64,26.766,26.766,26.766,
Pose2_Torso_001,(StaticMeshActor'"/Game/Levels/Game.Game:PersistentLevel.Pose2_Torso_001_115"'),StaticMesh,1,1,1,2181,2181,305.64,0,0,0,0,0,0,10.64,64,26.093,26.093,26.093,
Pose3_Torso_001,(StaticMeshActor'"/Game/Levels/Game.Game:PersistentLevel.Pose3_Torso_001_168"'),StaticMesh,1,1,1,2181,2181,305.501,0,0,0,0,0,0,10.64,64,26.104,26.104,26.104,
Pose5_Torso_001,(StaticMeshActor'"/Game/Levels/Game.Game:PersistentLevel.Pose5_Torso_001_234"'),StaticMesh,1,1,1,2182,2182,305.377,0,0,0,0,0,0,10.64,64,26.473,26.473,26.473,
Pose1_Torso_001,(StaticMeshActor'"/Game/Levels/Game.Game:PersistentLevel.Pose1_Torso_001_65"'),StaticMesh,1,1,1,2182,2182,304.064,0,0,0,0,0,0,10.64,64,26.319,26.319,26.319,
TorsoComBase_Torso_002,(StaticMeshActor'"/Game/Levels/Game.Game:PersistentLevel.TorsoComBase_Torso_002_250"'),StaticMesh,1,1,1,2182,2182,302.408,0,0,0,0,0,0,10.64,64,27.954,27.954,27.954,
Sentado_Torso_001,(StaticMeshActor'"/Game/Levels/Game.Game:PersistentLevel.Sentado_Torso_001_32"'),StaticMesh,1,1,1,2180,2180,299.207,0,0,0,0,0,0,10.64,64,25.521,25.521,25.521,
Armario1,(StaticMeshActor'"/Game/Levels/Game.Game:PersistentLevel.Armario1_23"'),StaticMesh,1,1,1,1678,1678,280.717,0,0,0,0,0,0,10.64,64,163.984,163.984,163.984,
Mesa_quadrada_grande,(StaticMeshActor'"/Game/Levels/Game.Game:PersistentLevel.Mesa_quadrada_grande_75"'),StaticMesh,1,1,1,1902,1902,251.611,0,0,0,0,0,0,10.64,64,176.791,176.791,176.791,
TorsoComBase_Legs_001,(StaticMeshActor'"/Game/Levels/Game.Game:PersistentLevel.TorsoComBase_Legs_001_248"'),StaticMesh,1,1,1,1868,1868,249.504,0,0,0,0,0,0,10.64,64,47.011,47.011,47.011,
TorsoComBase_Legs,(StaticMeshActor'"/Game/Levels/Game.Game:PersistentLevel.TorsoComBase_Legs_246"'),StaticMesh,1,1,1,1868,1868,249.43,0,0,0,0,0,0,10.64,64,44.202,44.202,44.202,
vhs-player-tape_VHS,(VHS_BP_C'"/Game/Levels/Game.Game:PersistentLevel.VHS_BP_2"'),SkeletalMesh,1,1,2,1296,1296,247.791,0,0,0,0,0,0,0,0,2.978,2.978,2.978,
RelogioBase_Base,(ClockA_BP_C'"/Game/Levels/Game.Game:PersistentLevel.Clock_BP_2"' ClockB_BP_C'"/Game/Levels/Game.Game:PersistentLevel.ClockB_BP_2"'),StaticMesh,2,2,4,1404,2808,243.268,0,0,0,0,0,0,0,128,30.259,30.259,60.519,
electricpole,(StaticMeshActor'"/Game/Levels/Game.Game:PersistentLevel.electricpole2"' StaticMeshActor'"/Game/Levels/Game.Game:PersistentLevel.electricpole3"' StaticMeshActor'"/Game/Levels/Game.Game:PersistentLevel.electricpole4"' StaticMeshActor'"/Game/Levels/Game.Game:PersistentLevel.electricpole_2"'),StaticMesh,4,4,4,1718,6872,239.902,0,0,0,0,0,0,42.559,256,592.539,592.539,2370.157,
Mesa_redonda_grande,(StaticMeshActor'"/Game/Levels/Game.Game:PersistentLevel.Mesa_redonda_grande_33"'),StaticMesh,1,1,1,1616,1616,236.465,0,0,0,1,0,0,10.64,64,195.563,195.563,195.563,
tv-set_game,(TV_BP_C'"/Game/Levels/Game.Game:PersistentLevel.TV_BP_2"'),StaticMesh,1,1,2,1698,1698,230.736,0,0,0,0,0,0,0,64,53.873,53.873,53.873,
Pose3_Perna_Direita_001,(StaticMeshActor'"/Game/Levels/Game.Game:PersistentLevel.Pose3_Perna_Direita_001_160"'),StaticMesh,1,1,1,1612,1612,221.656,0,0,0,0,0,0,10.64,64,40.225,40.225,40.225,
Pose4_Perna_Esquerda,(StaticMeshActor'"/Game/Levels/Game.Game:PersistentLevel.Pose4_Perna_Esquerda_195"'),StaticMesh,1,1,1,1612,1612,221.217,0,0,0,0,0,0,10.64,64,40.226,40.226,40.226,
Pose5_Perna_Esquerda,(StaticMeshActor'"/Game/Levels/Game.Game:PersistentLevel.Pose5_Perna_Esquerda_228"'),StaticMesh,1,1,1,1612,1612,221.217,0,0,0,0,0,0,10.64,64,40.226,40.226,40.226,
Pose3_Perna_Esquerda,(StaticMeshActor'"/Game/Levels/Game.Game:PersistentLevel.Pose3_Perna_Esquerda_162"'),StaticMesh,1,1,1,1612,1612,220.746,0,0,0,0,0,0,10.64,64,40.286,40.286,40.286,
Pose4_Perna_Direita_001,(StaticMeshActor'"/Game/Levels/Game.Game:PersistentLevel.Pose4_Perna_Direita_001_193"'),StaticMesh,1,1,1,1612,1612,220.59,0,0,0,0,0,0,10.64,64,40.22,40.22,40.22,
Pose5_Perna_Direita_001,(StaticMeshActor'"/Game/Levels/Game.Game:PersistentLevel.Pose5_Perna_Direita_001_226"'),StaticMesh,1,1,1,1612,1612,220.59,0,0,0,0,0,0,10.64,64,40.22,40.22,40.22,
Pose2_Perna_Esquerda,(StaticMeshActor'"/Game/Levels/Game.Game:PersistentLevel.Pose2_Perna_Esquerda_131"'),StaticMesh,1,1,1,1612,1612,220.527,0,0,0,0,0,0,10.64,64,40.257,40.257,40.257,
Pose1_Perna_Esquerda,(StaticMeshActor'"/Game/Levels/Game.Game:PersistentLevel.Pose1_Perna_Esquerda_59"'),StaticMesh,1,1,1,1612,1612,220.309,0,0,0,0,0,0,10.64,64,40.422,40.422,40.422,
Pose1_Perna_Direita_001,(StaticMeshActor'"/Game/Levels/Game.Game:PersistentLevel.Pose1_Perna_Direita_001_57"'),StaticMesh,1,1,1,1612,1612,219.652,0,0,0,0,0,0,10.64,64,39.965,39.965,39.965,
Sentado_Perna_Direita_001,(StaticMeshActor'"/Game/Levels/Game.Game:PersistentLevel.Sentado_Perna_Direita_001_24"'),StaticMesh,1,1,1,1612,1612,219.26,0,0,0,0,0,0,10.64,64,36.078,36.078,36.078,
Sentado_Perna_Esquerda,(StaticMeshActor'"/Game/Levels/Game.Game:PersistentLevel.Sentado_Perna_Esquerda_26"'),StaticMesh,1,1,1,1612,1612,218.6,0,0,0,0,0,0,10.64,64,36.13,36.13,36.13,
Bra?oPraTr?s_Perna_Esquerda,(StaticMeshActor'"/Game/Levels/Game.Game:PersistentLevel.Bra?oPraTr?s_Perna_Esquerda_92"'),StaticMesh,1,1,1,1612,1612,217.619,0,0,0,0,0,0,10.64,64,40.133,40.133,40.133,
Pose2_Perna_Direita_001,(StaticMeshActor'"/Game/Levels/Game.Game:PersistentLevel.Pose2_Perna_Direita_001_129"'),StaticMesh,1,1,1,1612,1612,217.281,0,0,0,0,0,0,10.64,64,40.278,40.278,40.278,
PoseConfiante_Perna_Esquerda_001,(StaticMeshActor'"/Game/Levels/Game.Game:PersistentLevel.PoseConfiante_Perna_Esquerda_001_390"'),StaticMesh,1,1,1,1560,1560,217.148,0,0,0,0,0,0,10.64,64,35.483,35.483,35.483,
Bra?oPraTr?s_Perna_Direita_001,(StaticMeshActor'"/Game/Levels/Game.Game:PersistentLevel.Bra?oPraTr?s_Perna_Direita_001_90"'),StaticMesh,1,1,1,1612,1612,216.693,0,0,0,0,0,0,10.64,64,40.231,40.231,40.231,
PoseConfiante2_Perna_Direita,(StaticMeshActor'"/Game/Levels/Game.Game:PersistentLevel.PoseConfiante2_Perna_Direita_424"'),StaticMesh,1,1,1,1560,1560,216.629,0,0,0,0,0,0,10.64,64,34.161,34.161,34.161,
Apontando_Perna_Direita,(StaticMeshActor'"/Game/Levels/Game.Game:PersistentLevel.Apontando_Perna_Direita_316"'),StaticMesh,1,1,1,1560,1560,215.873,0,0,0,0,0,0,10.64,64,35.264,35.264,35.264,
Escolha_Perna_Esquerda_001,(StaticMeshActor'"/Game/Levels/Game.Game:PersistentLevel.Escolha_Perna_Esquerda_001_354"'),StaticMesh,1,1,1,1560,1560,215.654,0,0,0,0,0,0,10.64,64,35.501,35.501,35.501,
PoseConfiante2_Perna_Esquerda_001,(StaticMeshActor'"/Game/Levels/Game.Game:PersistentLevel.PoseConfiante2_Perna_Esquerda_001_426"'),StaticMesh,1,1,1,1560,1560,215.166,0,0,0,0,0,0,10.64,64,35.351,35.351,35.351,
Pose1_Perna_Esquerda_001,(StaticMeshActor'"/Game/Levels/Game.Game:PersistentLevel.Pose1_Perna_Esquerda_001_282"'),StaticMesh,1,1,1,1560,1560,215.098,0,0,0,0,0,0,10.64,64,34.759,34.759,34.759,
Sentada_Perna_Esquerda_001,(StaticMeshActor'"/Game/Levels/Game.Game:PersistentLevel.Sentada_Perna_Esquerda_001_498"'),StaticMesh,1,1,1,1560,1560,215.039,0,0,0,0,0,0,10.64,64,30.639,30.639,30.639,
Apontando_Perna_Esquerda_001,(StaticMeshActor'"/Game/Levels/Game.Game:PersistentLevel.Apontando_Perna_Esquerda_001_318"'),StaticMesh,1,1,1,1560,1560,214.779,0,0,0,0,0,0,10.64,64,35.481,35.481,35.481,
Sentada_Perna_Direita,(StaticMeshActor'"/Game/Levels/Game.Game:PersistentLevel.Sentada_Perna_Direita_496"'),StaticMesh,1,1,1,1560,1560,214.348,0,0,0,0,0,0,10.64,64,30.554,30.554,30.554,
Escolha_Perna_Direita,(StaticMeshActor'"/Game/Levels/Game.Game:PersistentLevel.Escolha_Perna_Direita_352"'),StaticMesh,1,1,1,1560,1560,214.123,0,0,0,0,0,0,10.64,64,35.279,35.279,35.279,
Pose1_Perna_Esquerda_001,(StaticMeshActor'"/Game/Levels/Game.Game:PersistentLevel.Pose1_Perna_Esquerda_462"'),StaticMesh,1,1,1,1560,1560,213.416,0,0,0,0,0,0,10.64,64,35.526,35.526,35.526,
Pose1_Cintura_001,(StaticMeshActor'"/Game/Levels/Game.Game:PersistentLevel.Pose1_Cintura_001_272"'),StaticMesh,1,1,1,1462,1462,212.955,0,0,0,0,0,0,10.64,64,22.014,22.014,22.014,
Pose1_Perna_Direita,(StaticMeshActor'"/Game/Levels/Game.Game:PersistentLevel.Pose1_Perna_Direita_280"'),StaticMesh,1,1,1,1560,1560,212.91,0,0,0,0,0,0,10.64,64,35.272,35.272,35.272,
Pose1_Perna_Direita,(StaticMeshActor'"/Game/Levels/Game.Game:PersistentLevel.Pose1_Perna_Direita2_460"'),StaticMesh,1,1,1,1560,1560,212.473,0,0,0,0,0,0,10.64,64,35.292,35.292,35.292,
TorsoComBase_Cintura_003,(StaticMeshActor'"/Game/Levels/Game.Game:PersistentLevel.TorsoComBase_Cintura_003_244"'),StaticMesh,1,1,1,1464,1464,212.152,0,0,0,0,0,0,10.64,64,21.94,21.94,21.94,
Pose2_Cintura,(StaticMeshActor'"/Game/Levels/Game.Game:PersistentLevel.Pose2_Cintura_121"'),StaticMesh,1,1,1,1468,1468,212.037,0,0,0,0,0,0,10.64,64,23.238,23.238,23.238,
Pose1_Cintura,(StaticMeshActor'"/Game/Levels/Game.Game:PersistentLevel.Pose1_Cintura_49"'),StaticMesh,1,1,1,1468,1468,211.904,0,0,0,0,0,0,10.64,64,24.283,24.283,24.283,
PoseConfiante_Perna_Direita,(StaticMeshActor'"/Game/Levels/Game.Game:PersistentLevel.PoseConfiante_Perna_Direita_388"'),StaticMesh,1,1,1,1560,1560,211.852,0,0,0,0,0,0,10.64,64,35.001,35.001,35.001,
Bra?oPraTr?s_Cintura,(StaticMeshActor'"/Game/Levels/Game.Game:PersistentLevel.Bra?oPraTr?s_Cintura_82"'),StaticMesh,1,1,1,1468,1468,211.742,0,0,0,0,0,0,10.64,64,23.128,23.128,23.128,
PoseConfiante_Cintura_001,(StaticMeshActor'"/Game/Levels/Game.Game:PersistentLevel.PoseConfiante_Cintura_001_380"'),StaticMesh,1,1,1,1464,1464,211.574,0,0,0,0,0,0,10.64,64,22.043,22.043,22.043,
PoseConfiante2_Cintura_001,(StaticMeshActor'"/Game/Levels/Game.Game:PersistentLevel.PoseConfiante2_Cintura_001_416"'),StaticMesh,1,1,1,1464,1464,211.449,0,0,0,0,0,0,10.64,64,21.556,21.556,21.556,
Pose3_Cintura,(StaticMeshActor'"/Game/Levels/Game.Game:PersistentLevel.Pose3_Cintura_152"'),StaticMesh,1,1,1,1468,1468,210.033,0,0,0,0,0,0,10.64,64,23.224,23.224,23.224,
Pose5_Cintura,(StaticMeshActor'"/Game/Levels/Game.Game:PersistentLevel.Pose5_Cintura_218"'),StaticMesh,1,1,1,1466,1466,209.943,0,0,0,0,0,0,10.64,64,22.708,22.708,22.708,
Pose4_Cintura,(StaticMeshActor'"/Game/Levels/Game.Game:PersistentLevel.Pose4_Cintura_185"'),StaticMesh,1,1,1,1466,1466,209.943,0,0,0,0,0,0,10.64,64,22.708,22.708,22.708,
Sentada_Cintura_001,(StaticMeshActor'"/Game/Levels/Game.Game:PersistentLevel.Sentada_Cintura_001_488"'),StaticMesh,1,1,1,1464,1464,209.852,0,0,0,0,0,0,10.64,64,19.934,19.934,19.934,
Escolha_Cintura_001,(StaticMeshActor'"/Game/Levels/Game.Game:PersistentLevel.Escolha_Cintura_001_344"'),StaticMesh,1,1,1,1464,1464,209.344,0,0,0,0,0,0,10.64,64,21.653,21.653,21.653,
Sentado_Cintura,(StaticMeshActor'"/Game/Levels/Game.Game:PersistentLevel.Sentado_Cintura_16"'),StaticMesh,1,1,1,1468,1468,209.195,0,0,0,0,0,0,10.64,64,21.842,21.842,21.842,
Apontando_Cintura_001,(StaticMeshActor'"/Game/Levels/Game.Game:PersistentLevel.Apontando_Cintura_001_308"'),StaticMesh,1,1,1,1464,1464,209.125,0,0,0,0,0,0,10.64,64,21.669,21.669,21.669,
Pose1_Cintura_001,(StaticMeshActor'"/Game/Levels/Game.Game:PersistentLevel.Pose1_Cintura_452"'),StaticMesh,1,1,1,1464,1464,208.688,0,0,0,0,0,0,10.64,64,21.602,21.602,21.602,
TorsoComBase_Cintura_002,(StaticMeshActor'"/Game/Levels/Game.Game:PersistentLevel.TorsoComBase_Cintura_002_242"'),StaticMesh,1,1,1,1468,1468,208.68,0,0,0,0,0,0,10.64,64,22.858,22.858,22.858,
pilha,(Battery_C'"/Game/Levels/Game.Game:PersistentLevel.Battery_2"'),StaticMesh,1,1,1,1468,1468,198.234,0,0,0,0,0,0,0,64,7.844,7.844,7.844,
vhs-player,(VHS_BP_C'"/Game/Levels/Game.Game:PersistentLevel.VHS_BP_2"'),StaticMesh,1,1,1,1390,1390,186.878,0,0,0,0,0,0,0,64,31.054,31.054,31.054,
vhs-tape,(VHSTape_C'"/Game/Levels/Game.Game:PersistentLevel.VHSTape_7"'),StaticMesh,1,1,2,1296,1296,181.973,0,0,0,0,0,0,0,64,12.189,12.189,12.189,
PoseConfiante2_Olhos,(StaticMeshActor'"/Game/Levels/Game.Game:PersistentLevel.PoseConfiante2_Olhos_422"'),StaticMesh,1,1,1,956,956,137.686,0,0,0,0,0,0,10.64,64,4.417,4.417,4.417,
Pose1_Olhos,(StaticMeshActor'"/Game/Levels/Game.Game:PersistentLevel.Pose1_Olhos_278"'),StaticMesh,1,1,1,956,956,137.67,0,0,0,0,0,0,10.64,64,4.417,4.417,4.417,
Escolha_Olhos,(StaticMeshActor'"/Game/Levels/Game.Game:PersistentLevel.Escolha_Olhos_350"'),StaticMesh,1,1,1,956,956,137.35,0,0,0,0,0,0,10.64,64,4.412,4.412,4.412,
Apontando_Olhos,(StaticMeshActor'"/Game/Levels/Game.Game:PersistentLevel.Apontando_Olhos_314"'),StaticMesh,1,1,1,956,956,137.35,0,0,0,0,0,0,10.64,64,4.412,4.412,4.412,
Pose1_Olhos,(StaticMeshActor'"/Game/Levels/Game.Game:PersistentLevel.Pose1_Olhos2_458"'),StaticMesh,1,1,1,956,956,137.35,0,0,0,0,0,0,10.64,64,4.412,4.412,4.412,
PoseConfiante_Olhos,(StaticMeshActor'"/Game/Levels/Game.Game:PersistentLevel.PoseConfiante_Olhos_386"'),StaticMesh,1,1,1,956,956,137.146,0,0,0,0,0,0,10.64,64,4.429,4.429,4.429,
Sentada_Olhos,(StaticMeshActor'"/Game/Levels/Game.Game:PersistentLevel.Sentada_Olhos_494"'),StaticMesh,1,1,1,956,956,135.393,0,0,0,0,0,0,10.64,64,4.412,4.412,4.412,
SM_WeathGroup02,(InstancedFoliageActor'"/Game/Levels/Game.Game:PersistentLevel.InstancedFoliageActor_0"'),StaticMesh,1,0,0,488,0,133.428,0,0,0,0,0,0,0,64,0,0,0,
Pose1_Bra?o_+_Antebra?o,(StaticMeshActor'"/Game/Levels/Game.Game:PersistentLevel.Pose1_Bra?o_+_Antebra?o2_446"'),StaticMesh,1,1,1,818,818,128.002,0,0,0,0,0,0,10.64,64,23.896,23.896,23.896,
Pose1_Bra?o_+_Antebra?o,(StaticMeshActor'"/Game/Levels/Game.Game:PersistentLevel.Pose1_Bra?o_+_Antebra?o_266"'),StaticMesh,1,1,1,817,817,127.81,0,0,0,0,0,0,10.64,64,19.623,19.623,19.623,
Sentada_Bra?o_+_Antebra?o,(StaticMeshActor'"/Game/Levels/Game.Game:PersistentLevel.Sentada_Bra?o_+_Antebra?o_482"'),StaticMesh,1,1,1,818,818,127.564,0,0,0,0,0,0,10.64,64,24.33,24.33,24.33,
PoseConfiante2_Bra?o_+_Antebra?o,(StaticMeshActor'"/Game/Levels/Game.Game:PersistentLevel.PoseConfiante2_Bra?o_+_Antebra?o_410"'),StaticMesh,1,1,1,818,818,126.689,0,0,0,0,0,0,10.64,64,24.19,24.19,24.19,
Apontando_Bra?o_+_Antebra?o,(StaticMeshActor'"/Game/Levels/Game.Game:PersistentLevel.Apontando_Bra?o_+_Antebra?o_302"'),StaticMesh,1,1,1,818,818,126.471,0,0,0,0,0,0,10.64,64,24.367,24.367,24.367,
Apontando_Bra?o_+_Antebra?o_esquerdo,(StaticMeshActor'"/Game/Levels/Game.Game:PersistentLevel.Apontando_Bra?o_+_Antebra?o_esquerdo_304"'),StaticMesh,1,1,1,806,806,126.455,0,0,0,0,0,0,10.64,64,24.081,24.081,24.081,
PoseConfiante_Bra?o_+_Antebra?o,(StaticMeshActor'"/Game/Levels/Game.Game:PersistentLevel.PoseConfiante_Bra?o_+_Antebra?o_374"'),StaticMesh,1,1,1,817,817,126.372,0,0,0,0,0,0,10.64,64,19.335,19.335,19.335,
PoseConfiante2_Bra?o_+_Antebra?o_esquerdo,(StaticMeshActor'"/Game/Levels/Game.Game:PersistentLevel.PoseConfiante2_Bra?o_+_Antebra?o_esquerdo_412"'),StaticMesh,1,1,1,806,806,126.268,0,0,0,0,0,0,10.64,64,23.342,23.342,23.342,
Escolha_Bra?o_+_Antebra?o,(StaticMeshActor'"/Game/Levels/Game.Game:PersistentLevel.Escolha_Bra?o_+_Antebra?o_338"'),StaticMesh,1,1,1,818,818,125.959,0,0,0,0,0,0,10.64,64,22.22,22.22,22.22,
Pose1_Bra?o_+_Antebra?o_esquerdo,(StaticMeshActor'"/Game/Levels/Game.Game:PersistentLevel.Pose1_Bra?o_+_Antebra?o_esquerdo2_448"'),StaticMesh,1,1,1,806,806,125.244,0,0,0,0,0,0,10.64,64,24.049,24.049,24.049,
Pose1_Bra?o_+_Antebra?o_esquerdo,(StaticMeshActor'"/Game/Levels/Game.Game:PersistentLevel.Pose1_Bra?o_+_Antebra?o_esquerdo_268"'),StaticMesh,1,1,1,806,806,125.242,0,0,0,0,0,0,10.64,64,23.924,23.924,23.924,
Sentada_Bra?o_+_Antebra?o_esquerdo,(StaticMeshActor'"/Game/Levels/Game.Game:PersistentLevel.Sentada_Bra?o_+_Antebra?o_esquerdo_484"'),StaticMesh,1,1,1,806,806,125.211,0,0,0,0,0,0,10.64,64,24.434,24.434,24.434,
PoseConfiante_Bra?o_+_Antebra?o_esquerdo,(StaticMeshActor'"/Game/Levels/Game.Game:PersistentLevel.PoseConfiante_Bra?o_+_Antebra?o_esquerdo_376"'),StaticMesh,1,1,1,806,806,124.988,0,0,0,0,0,0,10.64,64,24.312,24.312,24.312,
Escolha_Bra?o_+_Antebra?o_esquerdo,(StaticMeshActor'"/Game/Levels/Game.Game:PersistentLevel.Escolha_Bra?o_+_Antebra?o_esquerdo_340"'),StaticMesh,1,1,1,806,806,124.604,0,0,0,0,0,0,10.64,64,22.358,22.358,22.358,
Bra?oPraTr?s_Bra?o_Esquerdo,(StaticMeshActor'"/Game/Levels/Game.Game:PersistentLevel.Bra?oPraTr?s_Bra?o_Esquerdo_80"'),StaticMesh,1,1,1,732,732,119.027,0,0,0,0,0,0,10.64,64,20.464,20.464,20.464,
Pose1_Bra?o_Esquerdo,(StaticMeshActor'"/Game/Levels/Game.Game:PersistentLevel.Pose1_Bra?o_Esquerdo_47"'),StaticMesh,1,1,1,734,734,118.287,0,0,0,0,0,0,10.64,64,22.527,22.527,22.527,
Pose5_Bra?o_Direito,(StaticMeshActor'"/Game/Levels/Game.Game:PersistentLevel.Pose5_Bra?o_Direito_214"'),StaticMesh,1,1,1,734,734,117.908,0,0,0,0,0,0,10.64,64,21.969,21.969,21.969,
Pose4_Bra?o_Esquerdo,(StaticMeshActor'"/Game/Levels/Game.Game:PersistentLevel.Pose4_Bra?o_Esquerdo_183"'),StaticMesh,1,1,1,734,734,117.787,0,0,0,0,0,0,10.64,64,21.436,21.436,21.436,
Pose5_Bra?o_Esquerdo,(StaticMeshActor'"/Game/Levels/Game.Game:PersistentLevel.Pose5_Bra?o_Esquerdo_216"'),StaticMesh,1,1,1,734,734,117.412,0,0,0,0,0,0,10.64,64,23.069,23.069,23.069,
Bra?oPraTr?s_Bra?o_Direito,(StaticMeshActor'"/Game/Levels/Game.Game:PersistentLevel.Bra?oPraTr?s_Bra?o_Direito_78"'),StaticMesh,1,1,1,734,734,117.41,0,0,0,0,0,0,10.64,64,20.886,20.886,20.886,
Pose1_Bra?o_Direito,(StaticMeshActor'"/Game/Levels/Game.Game:PersistentLevel.Pose1_Bra?o_Direito_45"'),StaticMesh,1,1,1,734,734,117.262,0,0,0,0,0,0,10.64,64,22.018,22.018,22.018,
Pose4_Bra?o_Direito,(StaticMeshActor'"/Game/Levels/Game.Game:PersistentLevel.Pose4_Bra?o_Direito_181"'),StaticMesh,1,1,1,734,734,116.99,0,0,0,0,0,0,10.64,64,22.351,22.351,22.351,
Pose3_Bra?o_Esquerdo,(StaticMeshActor'"/Game/Levels/Game.Game:PersistentLevel.Pose3_Bra?o_Esquerdo_150"'),StaticMesh,1,1,1,734,734,116.135,0,0,0,0,0,0,10.64,64,21.994,21.994,21.994,
Pose2_Bra?o_Esquerdo,(StaticMeshActor'"/Game/Levels/Game.Game:PersistentLevel.Pose2_Bra?o_Esquerdo_119"'),StaticMesh,1,1,1,734,734,115.158,0,0,0,0,0,0,10.64,64,22.423,22.423,22.423,
Pose3_Bra?o_Direito,(StaticMeshActor'"/Game/Levels/Game.Game:PersistentLevel.Pose3_Bra?o_Direito_148"'),StaticMesh,1,1,1,734,734,115.139,0,0,0,0,0,0,10.64,64,22.34,22.34,22.34,
Pose2_Bra?o_Direito,(StaticMeshActor'"/Game/Levels/Game.Game:PersistentLevel.Pose2_Bra?o_Direito_117"'),StaticMesh,1,1,1,734,734,115.111,0,0,0,0,0,0,10.64,64,21.984,21.984,21.984,
Sentado_Bra?o_Esquerdo,(StaticMeshActor'"/Game/Levels/Game.Game:PersistentLevel.Sentado_Bra?o_Esquerdo_14"'),StaticMesh,1,1,1,734,734,115.006,0,0,0,0,0,0,10.64,64,22.766,22.766,22.766,
Sentado_Bra?o_Direito,(StaticMeshActor'"/Game/Levels/Game.Game:PersistentLevel.Sentado_Bra?o_Direito_12"'),StaticMesh,1,1,1,734,734,115.006,0,0,0,0,0,0,10.64,64,22.746,22.746,22.746,
dark-wood-dresser-with-fully-modelled-drawers_SONGESAND_dresser,(Drawer_BP_C'"/Game/Levels/Game.Game:PersistentLevel.Drawer_BP_2"'),StaticMesh,1,1,1,760,760,113.764,0,0,0,0,0,0,10.64,64,94.845,94.845,94.845,
Cylinder,(Battery_BP_C'"/Game/Levels/Game.Game:PersistentLevel.Battery_BP2_5"' Battery_BP_C'"/Game/Levels/Game.Game:PersistentLevel.Battery_BP3_8"' Battery_BP_C'"/Game/Levels/Game.Game:PersistentLevel.Battery_BP4_11"' Battery_BP_C'"/Game/Levels/Game.Game:PersistentLevel.Battery_BP5_14"' Battery_BP_C'"/Game/Levels/Game.Game:PersistentLevel.Battery_BP_2"'),StaticMesh,5,5,5,512,2560,98.539,0,0,0,1,0,0,0,160,15.833,15.833,79.167,
crowbar,(Crowbar_C'"/Game/Levels/Game.Game:PersistentLevel.Crowbar_2"'),StaticMesh,1,1,1,608,608,94.75,0,0,0,0,0,0,0,64,27.872,27.872,27.872,
Vaso1,(StaticMeshActor'"/Game/Levels/Game.Game:PersistentLevel.Vaso1_20"'),StaticMesh,1,1,1,608,608,93.824,0,0,0,1,0,0,10.64,64,37.34,37.34,37.34,
SM_GrassGroup01,(InstancedFoliageActor'"/Game/Levels/Game.Game:PersistentLevel.InstancedFoliageActor_0"'),StaticMesh,1,0,0,365,0,93.046,2.875,0,0,0,0,0,0,32,0,0,0,
Vaso3,(StaticMeshActor'"/Game/Levels/Game.Game:PersistentLevel.Vaso3_54"'),StaticMesh,1,1,1,512,512,82.367,0,0,0,0,0,0,10.64,64,16.338,16.338,16.338,
SM_GrassGroup02,(InstancedFoliageActor'"/Game/Levels/Game.Game:PersistentLevel.InstancedFoliageActor_0"'),StaticMesh,1,0,0,274,0,73.656,0,0,0,0,0,0,0,32,0,0,0,
Armario2_Plane_094,(StaticMeshActor'"/Game/Levels/Game.Game:PersistentLevel.Armario2_Plane_094_17"' StaticMeshActor'"/Game/Levels/Game.Game:PersistentLevel.Armario2_Plane_38"'),StaticMesh,2,2,2,372,744,68.207,0,0,0,1,0,0,21.279,128,99.275,113.458,212.733,
SM_RockGroup01,(InstancedFoliageActor'"/Game/Levels/Game.Game:PersistentLevel.InstancedFoliageActor_0"'),StaticMesh,1,90,90,288,25920,58.582,0,0,0,2,0,0,59.766,16,13295.063,13295.063,13295.063,
SM_GrassGroup03,(InstancedFoliageActor'"/Game/Levels/Game.Game:PersistentLevel.InstancedFoliageActor_0"'),StaticMesh,1,232,232,152,35264,57.152,0,0,0,2,0,0,616.93,32,22241.234,22241.234,22241.234,
Gaveteiro2_Plane_099,(StaticMeshActor'"/Game/Levels/Game.Game:PersistentLevel.Gaveteiro2_Plane_099_11"'),StaticMesh,1,1,1,232,232,49.922,0,0,0,0,0,0,10.64,64,46.693,46.693,46.693,
SM_RockGroup02,(InstancedFoliageActor'"/Game/Levels/Game.Game:PersistentLevel.InstancedFoliageActor_0"'),StaticMesh,1,3072,3072,222,681984,48.803,0,0,0,2,0,0,2040,16,22545.156,22545.156,22545.156,
Quadro1,(StaticMeshActor'"/Game/Levels/Game.Game:PersistentLevel.Quadro1_48"'),StaticMesh,1,1,1,192,192,44.168,0,0,0,0,0,0,10.64,64,56.639,56.639,56.639,
RelogioHora,(ClockA_BP_C'"/Game/Levels/Game.Game:PersistentLevel.Clock_BP_2"' ClockB_BP_C'"/Game/Levels/Game.Game:PersistentLevel.ClockB_BP_2"'),StaticMesh,2,2,2,184,368,43.92,0,0,0,0,0,0,0,128,8.616,8.616,17.233,
Candle_02,(Candle2_Bp_C'"/Game/Levels/Game.Game:PersistentLevel.Candle2_Bp_2"'),StaticMesh,1,1,1,240,240,38.055,0,0,0,0,0,0,2.659,32,7.891,7.891,7.891,
RelogioVidro,(ClockA_BP_C'"/Game/Levels/Game.Game:PersistentLevel.Clock_BP_2"' ClockB_BP_C'"/Game/Levels/Game.Game:PersistentLevel.ClockB_BP_2"'),StaticMesh,2,2,2,222,444,36.596,0,0,0,0,0,0,0,128,28.587,28.587,57.175,
Armario2_Plane_098,(StaticMeshActor'"/Game/Levels/Game.Game:PersistentLevel.Armario2_Plane_098_42"'),StaticMesh,1,1,1,132,132,35.188,0,0,0,0,0,0,10.64,64,37.832,37.832,37.832,
Armario2_Plane_097,(StaticMeshActor'"/Game/Levels/Game.Game:PersistentLevel.Armario2_Plane_097_40"'),StaticMesh,1,1,1,132,132,34.379,0,0,0,0,0,0,10.64,64,37.832,37.832,37.832,
RelogioMinuto,(ClockA_BP_C'"/Game/Levels/Game.Game:PersistentLevel.Clock_BP_2"' ClockB_BP_C'"/Game/Levels/Game.Game:PersistentLevel.ClockB_BP_2"'),StaticMesh,2,2,2,128,256,32.619,0,0,0,0,0,0,0,128,11.865,11.865,23.731,
Gaveteiro2_Plane_092,(StaticMeshActor'"/Game/Levels/Game.Game:PersistentLevel.Gaveteiro2_Plane_092_8"'),StaticMesh,1,1,1,108,108,29.691,0,0,0,0,0,0,10.64,64,77.402,77.402,77.402,
StaticCloudsSphere,(Ultra_Dynamic_Sky_C'"/Game/Levels/Game.Game:PersistentLevel.Ultra_Dynamic_Sky_2"'),StaticMesh,1,1,1,284,284,28.286,0,0,0,0,0,0,10.64,64,3980691,3980691,3980691,
RelogioSegundo,(ClockA_BP_C'"/Game/Levels/Game.Game:PersistentLevel.Clock_BP_2"' ClockB_BP_C'"/Game/Levels/Game.Game:PersistentLevel.ClockB_BP_2"'),StaticMesh,2,2,2,100,200,27.033,0,0,0,0,0,0,0,128,11.961,11.961,23.923,
electricity_wire,(StaticMeshActor'"/Game/Levels/Game.Game:PersistentLevel.electricity_wire2"' StaticMeshActor'"/Game/Levels/Game.Game:PersistentLevel.electricity_wire3"' StaticMeshActor'"/Game/Levels/Game.Game:PersistentLevel.electricity_wire4"' StaticMeshActor'"/Game/Levels/Game.Game:PersistentLevel.electricity_wire5"' StaticMeshActor'"/Game/Levels/Game.Game:PersistentLevel.electricity_wire6"' StaticMeshActor'"/Game/Levels/Game.Game:PersistentLevel.electricity_wire7"' StaticMeshActor'"/Game/Levels/Game.Game:PersistentLevel.electricity_wire8"' StaticMeshActor'"/Game/Levels/Game.Game:PersistentLevel.electricity_wire_2"'),StaticMesh,8,8,8,88,704,24.816,0,0,0,0,0,0,85.117,512,3126.635,3126.635,25013.08,
simple-book-shelf_Book_009,(BookShelf_BP_C'"/Game/Levels/Game.Game:PersistentLevel.BookShelf_BP_2"'),StaticMesh,1,1,2,104,104,23.385,0,0,0,0,0,0,0,64,26.92,26.92,26.92,
simple-book-shelf_Book_003,(BookShelf_BP_C'"/Game/Levels/Game.Game:PersistentLevel.BookShelf_BP_2"'),StaticMesh,1,1,2,104,104,23.154,0,0,0,0,0,0,0,64,26.92,26.92,26.92,
simple-book-shelf_Book_016,(BookShelf_BP_C'"/Game/Levels/Game.Game:PersistentLevel.BookShelf_BP_2"'),StaticMesh,1,1,2,104,104,22.791,0,0,0,0,0,0,0,64,26.92,26.92,26.92,
simple-book-shelf_Book_008,(BookShelf_BP_C'"/Game/Levels/Game.Game:PersistentLevel.BookShelf_BP_2"'),StaticMesh,1,1,2,104,104,22.572,0,0,0,0,0,0,0,64,24.178,24.178,24.178,
simple-book-shelf_Book_021,(BookShelf_BP_C'"/Game/Levels/Game.Game:PersistentLevel.BookShelf_BP_2"'),StaticMesh,1,1,1,104,104,22.4,0,0,0,0,0,0,0,64,19.527,19.527,19.527,
simple-book-shelf_Book_023,(BookShelf_BP_C'"/Game/Levels/Game.Game:PersistentLevel.BookShelf_BP_2"'),StaticMesh,1,1,1,104,104,22.4,0,0,0,0,0,0,0,64,19.527,19.527,19.527,
simple-book-shelf_Book_027,(BookShelf_BP_C'"/Game/Levels/Game.Game:PersistentLevel.BookShelf_BP_2"'),StaticMesh,1,1,2,104,104,22.354,0,0,0,0,0,0,0,64,26.92,26.92,26.92,
simple-book-shelf_Book_028,(BookShelf_BP_C'"/Game/Levels/Game.Game:PersistentLevel.BookShelf_BP_2"'),StaticMesh,1,1,2,104,104,22.354,0,0,0,0,0,0,0,64,26.92,26.92,26.92,
simple-book-shelf_Book_018,(BookShelf_BP_C'"/Game/Levels/Game.Game:PersistentLevel.BookShelf_BP_2"'),StaticMesh,1,1,2,104,104,22.354,0,0,0,0,0,0,0,64,24.105,24.105,24.105,
simple-book-shelf_Book_024,(BookShelf_BP_C'"/Game/Levels/Game.Game:PersistentLevel.BookShelf_BP_2"'),StaticMesh,1,1,2,104,104,22.354,0,0,0,0,0,0,0,64,26.92,26.92,26.92,
simple-book-shelf_Book,(BookShelf_BP_C'"/Game/Levels/Game.Game:PersistentLevel.BookShelf_BP_2"'),StaticMesh,1,1,2,104,104,22.354,0,0,0,0,0,0,0,64,26.92,26.92,26.92,
simple-book-shelf_Book_022,(BookShelf_BP_C'"/Game/Levels/Game.Game:PersistentLevel.BookShelf_BP_2"'),StaticMesh,1,1,2,104,104,22.354,0,0,0,0,0,0,0,64,19.527,19.527,19.527,
simple-book-shelf_Book_010,(BookShelf_BP_C'"/Game/Levels/Game.Game:PersistentLevel.BookShelf_BP_2"'),StaticMesh,1,1,2,104,104,22.354,0,0,0,0,0,0,0,64,26.92,26.92,26.92,
simple-book-shelf_Book_006,(BookShelf_BP_C'"/Game/Levels/Game.Game:PersistentLevel.BookShelf_BP_2"'),StaticMesh,1,1,2,104,104,22.354,0,0,0,0,0,0,0,64,26.92,26.92,26.92,
simple-book-shelf_Book_007,(BookShelf_BP_C'"/Game/Levels/Game.Game:PersistentLevel.BookShelf_BP_2"'),StaticMesh,1,1,2,104,104,22.354,0,0,0,0,0,0,0,64,26.92,26.92,26.92,
simple-book-shelf_Book_001,(BookShelf_BP_C'"/Game/Levels/Game.Game:PersistentLevel.BookShelf_BP_2"'),StaticMesh,1,1,2,104,104,22.354,0,0,0,0,0,0,0,64,26.92,26.92,26.92,
simple-book-shelf_Book_020,(BookShelf_BP_C'"/Game/Levels/Game.Game:PersistentLevel.BookShelf_BP_2"'),StaticMesh,1,1,1,104,104,22.182,0,0,0,0,0,0,0,64,19.527,19.527,19.527,
simple-book-shelf_Book_019,(BookShelf_BP_C'"/Game/Levels/Game.Game:PersistentLevel.BookShelf_BP_2"'),StaticMesh,1,1,1,104,104,22.182,0,0,0,0,0,0,0,64,24.099,24.099,24.099,
simple-book-shelf_Book_015,(BookShelf_BP_C'"/Game/Levels/Game.Game:PersistentLevel.BookShelf_BP_2"'),StaticMesh,1,1,1,104,104,22.182,0,0,0,0,0,0,0,64,24.109,24.109,24.109,
simple-book-shelf_Book_002,(BookShelf_BP_C'"/Game/Levels/Game.Game:PersistentLevel.BookShelf_BP_2"'),StaticMesh,1,1,2,104,104,22.135,0,0,0,0,0,0,0,64,26.92,26.92,26.92,
simple-book-shelf_Book_014,(BookShelf_BP_C'"/Game/Levels/Game.Game:PersistentLevel.BookShelf_BP_2"'),StaticMesh,1,1,1,104,104,21.963,0,0,0,0,0,0,0,64,24.108,24.108,24.108,
simple-book-shelf_Book_017,(BookShelf_BP_C'"/Game/Levels/Game.Game:PersistentLevel.BookShelf_BP_2"'),StaticMesh,1,1,1,104,104,21.963,0,0,0,0,0,0,0,64,26.951,26.951,26.951,
simple-book-shelf_Book_026,(BookShelf_BP_C'"/Game/Levels/Game.Game:PersistentLevel.BookShelf_BP_2"'),StaticMesh,1,1,1,104,104,21.963,0,0,0,0,0,0,0,64,26.92,26.92,26.92,
simple-book-shelf_Book_012,(BookShelf_BP_C'"/Game/Levels/Game.Game:PersistentLevel.BookShelf_BP_2"'),StaticMesh,1,1,1,104,104,21.963,0,0,0,0,0,0,0,64,26.92,26.92,26.92,
simple-book-shelf_Book_011,(BookShelf_BP_C'"/Game/Levels/Game.Game:PersistentLevel.BookShelf_BP_2"'),StaticMesh,1,1,1,104,104,21.963,0,0,0,0,0,0,0,64,26.92,26.92,26.92,
simple-book-shelf_Book_025,(BookShelf_BP_C'"/Game/Levels/Game.Game:PersistentLevel.BookShelf_BP_2"'),StaticMesh,1,1,1,104,104,21.963,0,0,0,0,0,0,0,64,26.92,26.92,26.92,
simple-book-shelf_Book_005,(BookShelf_BP_C'"/Game/Levels/Game.Game:PersistentLevel.BookShelf_BP_2"'),StaticMesh,1,1,1,104,104,21.963,0,0,0,0,0,0,0,64,26.92,26.92,26.92,
simple-book-shelf_Book_004,(BookShelf_BP_C'"/Game/Levels/Game.Game:PersistentLevel.BookShelf_BP_2"'),StaticMesh,1,1,1,104,104,21.744,0,0,0,0,0,0,0,64,26.92,26.92,26.92,
simple-book-shelf_Shelf,(BookShelf_BP_C'"/Game/Levels/Game.Game:PersistentLevel.BookShelf_BP_2"'),StaticMesh,1,1,1,76,76,19.947,0,0,0,0,0,0,0,64,147.902,147.902,147.902,
Prateleira,(StaticMeshActor'"/Game/Levels/Game.Game:PersistentLevel.Prateleira3"' StaticMeshActor'"/Game/Levels/Game.Game:PersistentLevel.Prateleira4"' StaticMeshActor'"/Game/Levels/Game.Game:PersistentLevel.Prateleira_26"'),StaticMesh,3,3,3,28,84,18.951,0,0,0,0,0,0,31.919,192,40.567,49.486,139.54,
Quadro2,(StaticMeshActor'"/Game/Levels/Game.Game:PersistentLevel.Quadro2_51"'),StaticMesh,1,1,1,36,36,17.457,0,0,0,0,0,0,10.64,64,24.236,24.236,24.236,
simple-book-shelf_Book_013,(BookShelf_BP_C'"/Game/Levels/Game.Game:PersistentLevel.BookShelf_BP_2"'),StaticMesh,1,1,1,104,104,16.295,0,0,0,0,0,0,0,64,26.92,26.92,26.92,
Cube,(StaticMeshActor'"/Game/Levels/Game.Game:PersistentLevel.Cube_2"' RockingChair_BP_C'"/Game/Levels/Game.Game:PersistentLevel.RockingChair_BP_2"' Collectible_BP_Drawer_C'"/Game/Levels/Game.Game:PersistentLevel.Chave_GEN_VARIABLE_Collectible_BP_Drawer_C_CAT_0"' Collectible_BP_Clocks_C'"/Game/Levels/Game.Game:PersistentLevel.Collectible_BP_Clocks_2"'),StaticMesh,4,4,4,48,192,15.221,0,0,0,0,0,0,10.64,256,6.495,135.962,183.594,
simple-book-shelf_Frame,(BookShelf_BP_C'"/Game/Levels/Game.Game:PersistentLevel.BookShelf_BP_2"'),StaticMesh,1,1,1,38,38,14.889,0,0,0,0,0,0,0,64,17.473,17.473,17.473,
Plane,(Document_C'"/Game/Levels/Game.Game:PersistentLevel.Document_2"'),StaticMesh,1,1,1,2,2,9.303,0,0,0,0,0,0,0,64,70.711,70.711,70.711,
simple-book-shelf_FrameGlass,(BookShelf_BP_C'"/Game/Levels/Game.Game:PersistentLevel.BookShelf_BP_2"'),StaticMesh,1,1,1,2,2,9.303,0,0,0,0,0,0,0,64,15.29,15.29,15.29,
vhs-player-entry,(VHS_BP_C'"/Game/Levels/Game.Game:PersistentLevel.VHS_BP_2"'),SkeletalMesh,1,1,1,10,10,8.428,0,0,0,0,0,0,0,0,1.301,1.301,1.301,
,,,364,5 879,8 084,1 092 746,31 609 680,136 307.141,661.387,0,0,0.16,0,0,27 996.086,79.674,0,205 546 688,744 351.5,
